{"cameraMode":{"drawMode":0,"name":"Shaded","section":"Shading Mode"},"sceneLighting":true,"audioPlay":false,"sceneViewState":{"showFog":true,"showMaterialUpdate":false,"showSkybox":true,"showFlares":true,"showImageEffects":true,"showParticleSystems":true},"in2DMode":false,"pivot":{"x":-6.362185001373291,"y":6.157074451446533,"z":5.518943786621094},"rotation":{"x":0.02763414941728115,"y":-0.4787178039550781,"z":0.015109452418982983,"w":0.8774680495262146},"size":12.066635131835938,"orthographic":false}