{"cameraMode":{"drawMode":0,"name":"Shaded","section":"Shading Mode"},"sceneLighting":false,"audioPlay":false,"sceneViewState":{"showFog":true,"showMaterialUpdate":false,"showSkybox":false,"showFlares":true,"showImageEffects":true,"showParticleSystems":true},"in2DMode":false,"pivot":{"x":-200.55746459960938,"y":426.13140869140627,"z":166.66607666015626},"rotation":{"x":-0.31762030720710757,"y":0.2534524202346802,"z":-0.08852195739746094,"w":-0.9094294309616089},"size":22.0,"orthographic":false}