{"cameraMode":{"drawMode":0,"name":"Shaded","section":"Shading Mode"},"sceneLighting":true,"audioPlay":false,"sceneViewState":{"showFog":true,"showMaterialUpdate":false,"showSkybox":true,"showFlares":true,"showImageEffects":true,"showParticleSystems":true},"in2DMode":false,"pivot":{"x":-0.7876659631729126,"y":7.619536876678467,"z":11.740187644958496},"rotation":{"x":0.16126061975955964,"y":-0.33729296922683718,"z":0.05882225185632706,"w":0.9256744384765625},"size":1.3503477573394776,"orthographic":false}