{"cameraMode":{"drawMode":0,"name":"Shaded","section":"Shading Mode"},"sceneLighting":true,"audioPlay":false,"sceneViewState":{"showFog":true,"showMaterialUpdate":false,"showSkybox":true,"showFlares":true,"showImageEffects":true,"showParticleSystems":true},"in2DMode":false,"pivot":{"x":-0.24401795864105225,"y":7.390615463256836,"z":-6.2494964599609379},"rotation":{"x":-0.03268309310078621,"y":-0.9118273258209229,"z":0.07401753962039948,"w":-0.402579128742218},"size":6.021566867828369,"orthographic":false}